{"count":1,"self":301.4573056,"total":310.252326,"children":{"AgentResetIfDone":{"count":13112,"self":0.051044,"total":0.051044,"children":null},"AgentSendState":{"count":13112,"self":0.025279,"total":0.034208999999999996,"children":{"CollectObservations":{"count":1874,"self":0.00893,"total":0.00893,"children":null}}},"DecideAction":{"count":13112,"self":6.9559631999999993,"total":6.990899,"children":{"AgentInfo.ToProto":{"count":1874,"self":0.034936,"total":0.034936,"children":null}}},"AcademyStep":{"count":13112,"self":0.010353,"total":0.010353,"children":null},"AgentAct":{"count":13112,"self":1.706678,"total":1.706678,"children":null}}}