{"count":1,"self":129.49632,"total":339.03828799999997,"children":{"AgentResetIfDone":{"count":318084,"self":0.517502,"total":0.517502,"children":null},"AgentSendState":{"count":318084,"self":0.378997,"total":0.45993,"children":{"CollectObservations":{"count":45441,"self":0.080932999999999991,"total":0.080932999999999991,"children":null}}},"DecideAction":{"count":318084,"self":186.1697024,"total":186.75477899999998,"children":{"AgentInfo.ToProto":{"count":45441,"self":0.585081,"total":0.585081,"children":null}}},"AcademyStep":{"count":318084,"self":0.16441599999999998,"total":0.16441599999999998,"children":null},"AgentAct":{"count":318084,"self":21.643475199999997,"total":21.643476,"children":null}}}